Transaction Date,Post Date,Description,Category,Type,Amount
12/05/2024,12/06/2024,Netflix.com,Bills & Utilities,Sale,-7.66
12/04/2024,12/06/2024,Tigo Guatemala,Bills & Utilities,Sale,-85.01
12/05/2024,12/06/2024,TARGET.COM  *,Shopping,Sale,-47.85
12/04/2024,12/05/2024,Amazon.com*ZL1V03PM1,Shopping,Sale,-9.93
12/04/2024,12/05/2024,SUPERMERCADOS LA TORRE BA,Groceries,Sale,-70.30
12/03/2024,12/05/2024,DOMINOS BARBERENA,Food & Drink,Sale,-22.19
12/02/2024,12/03/2024,SPORTA GUATEMALA,Entertainment,Sale,-68.06
12/02/2024,12/03/2024,MAXI DESPENSA BARBERENA,Groceries,Sale,-0.58
12/02/2024,12/03/2024,TNTWARE,Shopping,Sale,-30.00
12/02/2024,12/03/2024,MAXI DESPENSA BARBERENA,Groceries,Sale,-19.59
12/01/2024,12/03/2024,PRICESMART FRAIJANES,Shopping,Sale,-141.47
12/01/2024,12/02/2024,GLOBAL SPORTS CORPORATION,Entertainment,Sale,-128.99
12/01/2024,12/02/2024,LA CAJA,Entertainment,Sale,-103.06
11/30/2024,12/01/2024,PROTON AG,Professional Services,Sale,-8.99
11/29/2024,12/01/2024,MCDONALDS PRADERA CA,Food & Drink,Sale,-5.84
11/29/2024,12/01/2024,GAP PRADERA CAES N1,Shopping,Sale,-107.16
11/29/2024,12/01/2024,ZARA PRADERA CAES,Shopping,Sale,-23.46
11/29/2024,12/01/2024,OLD NAVY PRADERA CAES N1,Shopping,Sale,-40.46
11/29/2024,12/01/2024,PARFOIS,Shopping,Sale,-51.69
11/27/2024,12/01/2024,SUPER LA TORRE MADERO -VN,Groceries,Sale,-67.96
11/27/2024,11/28/2024,SAN MARTIN PLAZA MADERO,Food & Drink,Sale,-21.02
11/25/2024,11/27/2024,SUPER LA TORRE MADERO -VN,Groceries,Sale,-168.52
11/24/2024,11/25/2024,MAXI DESPENSA BARBERENA,Groceries,Sale,-3.63
11/23/2024,11/24/2024,ANTHROPOLOGIE.COM,Shopping,Sale,-11.01
11/23/2024,11/24/2024,MAXI DESPENSA BARBERENA,Groceries,Sale,-46.27
11/21/2024,11/24/2024,CAFE BARISTA CB143 BARBER,Food & Drink,Sale,-27.11
11/23/2024,11/24/2024,SUPERMERCADOS LA TORRE BA,Groceries,Sale,-27.21
11/21/2024,11/24/2024,CAFE BARISTA CB143 BARBER,Food & Drink,Sale,-10.12
11/22/2024,11/24/2024,MAXI DESPENSA BARBERENA,Groceries,Sale,-13.98
11/23/2024,11/24/2024,ANTHROPOLOGIE.COM,Shopping,Sale,-97.37
11/20/2024,11/22/2024,DOLLARCITY PLZ BARBERENA,Home,Sale,-3.63
11/21/2024,11/22/2024,MCDONALDS BARBERENA,Food & Drink,Sale,-2.85
11/21/2024,11/22/2024,MCDONALDS BARBERENA,Food & Drink,Sale,-8.56
11/18/2024,11/20/2024,PRICESMART FRAIJANES,Shopping,Sale,-178.23
11/18/2024,11/19/2024,SUPERMERCADOS LA TORRE BA,Groceries,Sale,-5.69
11/16/2024,11/17/2024,SUPERMERCADOS LA TORRE BA,Groceries,Sale,-71.86
11/15/2024,11/17/2024,CENTRO COM PRADERA CONCEP,Travel,Sale,-1.94
11/15/2024,11/17/2024,TEXACO PALSA,Gas,Sale,-19.45
11/15/2024,11/17/2024,SUPERMERCADOS LA TORRE BA,Groceries,Sale,-7.12
11/13/2024,11/15/2024,SUPER LA TORRE MADERO -VN,Groceries,Sale,-42.86
11/14/2024,11/14/2024,Payment Thank You-Mobile,,Payment,4652.21
11/13/2024,11/14/2024,CAFE BARISTA CB195 LA ISL,Food & Drink,Sale,-3.11
11/12/2024,11/14/2024,PARQUEO PRADERA KIOSKO 3,Travel,Sale,-0.65
11/13/2024,11/14/2024,SUPERMERCADOS LA TORRE BA,Groceries,Sale,-48.20
11/13/2024,11/14/2024,DRIBBLEUP.CO*MEMBRSHIP,Shopping,Sale,-18.39
11/12/2024,11/13/2024,MAXI DESPENSA BARBERENA,Groceries,Sale,-5.15
11/12/2024,11/13/2024,MAXI DESPENSA BARBERENA,Groceries,Sale,-2.24
11/11/2024,11/13/2024,PLAZA NORTE SB1,Shopping,Sale,-1.75
11/11/2024,11/12/2024,MAXI DESPENSA BARBERENA,Groceries,Sale,-15.70
11/11/2024,11/12/2024,PLAZA MONTE SAGRADO,Shopping,Sale,-1.75
11/08/2024,11/10/2024,PRICESMART FRAIJANES,Shopping,Sale,-154.19
11/07/2024,11/10/2024,Tigo Guatemala,Bills & Utilities,Sale,-25.79
11/07/2024,11/08/2024,SUPERMERCADOS LA TORRE BA,Groceries,Sale,-43.16
11/07/2024,11/08/2024,MCDONALDS FRAIJANES,Food & Drink,Sale,-14.13
11/06/2024,11/07/2024,PLAZA NORTE SB1,Shopping,Sale,-1.75
11/06/2024,11/07/2024,MOVES APP SUBSCRIPTION,Personal,Sale,-20.00
11/06/2024,11/07/2024,PLAZA MONTE SAGRADO,Shopping,Sale,-1.75
11/05/2024,11/06/2024,NETFLIX.COM,Bills & Utilities,Sale,-7.66
11/04/2024,11/06/2024,CEMACO KILOMETRO 21 W,Home,Sale,-36.89
11/04/2024,11/06/2024,Tigo Guatemala,Bills & Utilities,Sale,-84.79
11/04/2024,11/05/2024,MAXI DESPENSA BARBERENA,Groceries,Sale,-7.88
11/04/2024,11/05/2024,SAN MARTIN PLAZA MADERO,Food & Drink,Sale,-22.91
11/03/2024,11/04/2024,SUPERMERCADOS LA TORRE BA,Groceries,Sale,-57.01
11/03/2024,11/04/2024,GLOBAL SPORTS CORPORATION,Entertainment,Sale,-128.80
11/03/2024,11/04/2024,MAXI DESPENSA BARBERENA,Groceries,Sale,-5.95
11/03/2024,11/04/2024,LA CAJA,Entertainment,Sale,-102.91
10/31/2024,11/03/2024,CENTRO COM PRADERA CONCEP,Travel,Sale,-1.94
11/02/2024,11/03/2024,SPORTA GUATEMALA,Entertainment,Sale,-67.96
11/01/2024,11/03/2024,TNTWARE,Shopping,Sale,-30.00
10/31/2024,11/03/2024,CEMACO PRADERA CONCEPCION,Home,Sale,-32.30
11/02/2024,11/03/2024,SPORTA GUATEMALA,Entertainment,Sale,-67.96
11/01/2024,11/03/2024,ABARROTERIA EBEN EZER,Personal,Sale,-6.47
11/02/2024,11/03/2024,PLAZA NACIONES UNIDAS,Shopping,Sale,-2.39
11/01/2024,11/03/2024,WENDYS ANTIGUA,Food & Drink,Sale,-4.53
11/02/2024,11/03/2024,APPLE.COM/BILL,Shopping,Sale,-9.99
11/01/2024,11/03/2024,FAYCO ANTIGUA,Health & Wellness,Sale,-10.12
11/01/2024,11/03/2024,PLAZA NORTE SB1,Shopping,Sale,-1.75
11/01/2024,11/03/2024,PLAZA MONTE SAGRADO,Shopping,Sale,-1.75
11/02/2024,11/03/2024,PLAZA MONTE SAGRADO,Shopping,Sale,-1.75
10/30/2024,11/01/2024,SUPER LA TORRE MADERO -VN,Groceries,Sale,-74.32
10/31/2024,11/01/2024,APPLE.COM/BILL,Shopping,Sale,-0.99
10/31/2024,11/01/2024,COFI O STAHL (CARRETERA S,Automotive,Sale,-223.54
10/31/2024,11/01/2024,CEMACO PRADERA CAES,Home,Sale,-13.60
10/31/2024,11/01/2024,NOVEX CARRETERA AL SALVAD,Home,Sale,-33.69
10/30/2024,11/01/2024,GASOLINERA EL PASO 3,Gas,Sale,-64.80
10/30/2024,10/31/2024,AMAZON MKTPL*BE8G12KZ3,Shopping,Sale,-126.38
10/30/2024,10/31/2024,PROTON AG,Professional Services,Sale,-8.99
10/28/2024,10/30/2024,ANAIS PRADERA CONCEPCION,Shopping,Sale,-58.14
10/28/2024,10/30/2024,NORRIS MCLAUGHLIN AND,Professional Services,Sale,-1500.00
10/28/2024,10/30/2024,CENTRO COM PRADERA CONCEP,Travel,Sale,-1.94
10/29/2024,10/30/2024,AMAZON MKTPL*FF6FH0QC3,Shopping,Sale,-71.68
10/29/2024,10/30/2024,MAXI DESPENSA BARBERENA,Groceries,Sale,-2.40
10/29/2024,10/30/2024,STARBUCKS FRAIJANES,Food & Drink,Sale,-8.55
10/28/2024,10/29/2024,CEMACO PRADERA CAES,Home,Sale,-43.16
10/28/2024,10/29/2024,Datacamp Inc.,Professional Services,Sale,-74.99
10/25/2024,10/28/2024,MI CLARO,Bills & Utilities,Sale,-1.42
10/25/2024,10/28/2024,MI CLARO,Bills & Utilities,Sale,-1.42
10/25/2024,10/27/2024,SAN MARTIN PLAZA MADERO,Food & Drink,Sale,-2.27
10/25/2024,10/27/2024,CAFE BARISTA CB143 BARBER,Food & Drink,Sale,-10.61
10/25/2024,10/27/2024,CAFE BARISTA CB195 LA ISL,Food & Drink,Sale,-2.20
10/25/2024,10/27/2024,PROCASA PLAZA NOVITA,Shopping,Sale,-28.62
10/26/2024,10/27/2024,SUPERMERCADOS LA TORRE BA,Groceries,Sale,-51.09
10/25/2024,10/27/2024,SUPER LA TORRE MADERO -VN,Groceries,Sale,-87.51
10/25/2024,10/27/2024,PRICESMART FRAIJANES,Shopping,Sale,-321.73
10/25/2024,10/27/2024,FRINGE,Personal,Sale,-226.60
10/24/2024,10/25/2024,MAXI DESPENSA BARBERENA,Groceries,Sale,-10.96
10/24/2024,10/25/2024,FARMACIAS GALENO 68,Health & Wellness,Sale,-6.47
10/22/2024,10/24/2024,CAFE BARISTA CB143 BARBER,Food & Drink,Sale,-5.44
10/22/2024,10/24/2024,CAFE BARISTA CB143 BARBER,Food & Drink,Sale,-23.18
10/22/2024,10/24/2024,FRINGE,Personal,Sale,-35.61
10/22/2024,10/23/2024,FARMACIA CRUZ VERDE EL CA,Health & Wellness,Sale,-41.54
10/21/2024,10/23/2024,SUBWAY PLAZA VARIETA,Food & Drink,Sale,-20.59
10/22/2024,10/23/2024,SUPERMERCADOS LA TORRE BA,Groceries,Sale,-39.96
10/22/2024,10/23/2024,MCDONALDS BARBERENA,Food & Drink,Sale,-4.53
10/21/2024,10/22/2024,ESTACION DE  SERVICIO CAS,Gas,Sale,-51.41
10/21/2024,10/22/2024,OVERSEAS PPT RENEWAL,Bills & Utilities,Sale,-130.00
10/19/2024,10/21/2024,APPLE.COM/BILL,Shopping,Return,39.00
10/17/2024,10/20/2024,DOLLARCITY PLZ BARBERENA,Home,Sale,-2.59
10/19/2024,10/20/2024,MAXI DESPENSA BARBERENA,Groceries,Sale,-46.31
10/17/2024,10/18/2024,STARBUCKS FRAIJANES,Food & Drink,Sale,-8.81
10/17/2024,10/18/2024,MAXI DESPENSA BARBERENA,Groceries,Sale,-5.12
10/17/2024,10/17/2024,Payment Thank You-Mobile,,Payment,232.92
10/15/2024,10/17/2024,SUPER LA TORRE MADERO -VN,Groceries,Sale,-130.41
10/15/2024,10/17/2024,CENTRO COM PRADERA CONCEP,Travel,Sale,-1.94
10/16/2024,10/17/2024,MAXI DESPENSA BARBERENA,Groceries,Sale,-1.77
10/16/2024,10/17/2024,SAN MARTIN LA CASONA,Food & Drink,Sale,-9.33
10/15/2024,10/17/2024,CEMACO PRADERA CONCEPCION,Home,Sale,-93.53
10/15/2024,10/16/2024,QUICK PHOTO DIGITAL PRADE,Shopping,Sale,-9.72
10/15/2024,10/16/2024,LA SERCHA PLAZA MADERO,Personal,Sale,-7.12
10/16/2024,10/16/2024,TRANSACTION FEE,Fees & Adjustments,Fee,-10.11
10/16/2024,10/16/2024,XOOM.COM,Personal,Cash Advance,-202.29
10/15/2024,10/15/2024,Payment Thank You-Mobile,,Payment,2275.71
10/14/2024,10/15/2024,MAXI DESPENSA BARBERENA,Groceries,Sale,-3.68
10/12/2024,10/14/2024,CAFE BARISTA CB143 BARBER,Food & Drink,Sale,-7.38
10/13/2024,10/14/2024,DRIBBLEUP.CO*MEMBRSHIP,Shopping,Sale,-18.39
10/12/2024,10/13/2024,APPLE.COM/BILL,Shopping,Sale,-39.00
10/11/2024,10/13/2024,UNITED      0162427694681,Travel,Sale,-298.81
10/11/2024,10/13/2024,UNITED      0162427694680,Travel,Sale,-298.81
10/11/2024,10/13/2024,UNITED      0162427694679,Travel,Sale,-298.81
10/11/2024,10/13/2024,EXPEDIA 72940472298237,Travel,Sale,-104.88
10/10/2024,10/11/2024,MAXI DESPENSA BARBERENA,Groceries,Sale,-3.11
10/10/2024,10/11/2024,DNH*GODADDY#3344901151,Bills & Utilities,Sale,-23.88
10/10/2024,10/11/2024,GLOBAL SPORTS CORPORATION,Entertainment,Sale,-110.06
10/10/2024,10/11/2024,MAXI DESPENSA BARBERENA,Groceries,Sale,-6.57
10/09/2024,10/11/2024,FARM CRUZ VERDE FRAIJANES,Health & Wellness,Sale,-86.21
10/09/2024,10/10/2024,MAZA BOULANGERIE Y PATISS,Groceries,Sale,-7.51
10/09/2024,10/10/2024,PUERTA DEL SOL CONCEPCION,Groceries,Sale,-53.85
10/09/2024,10/10/2024,PEDIATRAS ASOCIADOS,Health & Wellness,Sale,-46.61
10/09/2024,10/10/2024,MCDONALDS FRAIJANES,Food & Drink,Sale,-4.53
10/08/2024,10/09/2024,DNH*GODADDY#3341973637,Bills & Utilities,Sale,-27.82
10/08/2024,10/09/2024,KIELSA BARBERENA H41,Health & Wellness,Sale,-14.18
10/07/2024,10/08/2024,MAXI DESPENSA BARBERENA,Groceries,Sale,-24.19
10/06/2024,10/08/2024,Tigo Guatemala,Bills & Utilities,Sale,-25.75
10/06/2024,10/08/2024,KIELSA FARMACEUTICA GTM 2,Health & Wellness,Sale,-4.14
10/06/2024,10/07/2024,MOVES APP SUBSCRIPTION,Personal,Sale,-20.00
10/05/2024,10/07/2024,PRICESMART FRAIJANES,Shopping,Sale,-317.42
10/05/2024,10/06/2024,NETFLIX.COM,Bills & Utilities,Sale,-7.66
10/03/2024,10/06/2024,CAFE BARISTA CB143 BARBER,Food & Drink,Sale,-6.87
10/05/2024,10/06/2024,MAXI DESPENSA BARBERENA,Groceries,Sale,-9.91
10/04/2024,10/06/2024,Tigo Guatemala,Bills & Utilities,Sale,-84.76
10/05/2024,10/06/2024,GASOLINERA EL CERINAL,Gas,Sale,-59.74
10/03/2024,10/04/2024,LA CAJA,Entertainment,Sale,-102.98
10/03/2024,10/04/2024,GLOBAL SPORTS CORPORATION,Entertainment,Sale,-128.89
10/03/2024,10/04/2024,Dlocal *UBER RIDES,Bills & Utilities,Sale,-32.99
10/03/2024,10/03/2024,Payment Thank You-Mobile,,Payment,3402.22
09/30/2024,10/02/2024,MEYKOS PLAZA MADERO CAES,Health & Wellness,Sale,-32.01
10/01/2024,10/02/2024,MAXI DESPENSA BARBERENA,Groceries,Sale,-14.31
10/01/2024,10/02/2024,TNTWARE,Shopping,Sale,-30.00
09/30/2024,10/02/2024,SUPER LA TORRE MADERO -VN,Groceries,Sale,-172.52
09/30/2024,10/02/2024,DOMINOS 14052 PLAZA MADER,Food & Drink,Sale,-4.66
10/01/2024,10/02/2024,SPORTA GUATEMALA,Entertainment,Sale,-68.01
10/01/2024,10/02/2024,SPORTA GUATEMALA,Entertainment,Sale,-68.01
10/01/2024,10/01/2024,LATE FEE,Fees & Adjustments,Fee,-29.00
09/30/2024,10/01/2024,RESTAURANTE SAN BERNARDIN,Food & Drink,Sale,-3.24
09/30/2024,10/01/2024,CAFE BARISTA CB195 LA ISL,Food & Drink,Sale,-8.03
09/30/2024,10/01/2024,ANTILLON CARRETERA AL SAL,Home,Sale,-312.28
09/30/2024,10/01/2024,PROTON AG,Professional Services,Sale,-8.99
09/29/2024,10/01/2024,GASOLINERA EL PASO 3,Gas,Sale,-38.84
09/30/2024,10/01/2024,Dlocal *UBER RIDES,Bills & Utilities,Sale,-10.21
09/27/2024,09/29/2024,ESTACION DE SERVICIO KM19,Gas,Sale,-13.59
09/27/2024,09/29/2024,REBECANA 05 PRADERA CONCE,Professional Services,Sale,-50.48
09/26/2024,09/29/2024,MI CLARO,Bills & Utilities,Sale,-4.27
09/24/2024,09/25/2024,TARGET.COM  *,Shopping,Sale,-84.88
09/22/2024,09/24/2024,PRICESMART FRAIJANES,Shopping,Sale,-18.78
09/22/2024,09/24/2024,TAILWIND CHO,Food & Drink,Sale,-18.76
09/23/2024,09/24/2024,XOOM.COM,Bills & Utilities,Sale,-246.32
09/22/2024,09/23/2024,MINUTE SUITES - ATL E,Travel,Sale,-7.54
09/22/2024,09/23/2024,ATL CNBC,Shopping,Sale,-3.34
09/22/2024,09/23/2024,WALLSTREETST2694,Shopping,Sale,-4.05
09/23/2024,09/23/2024,LYFT   *RIDE SUN 3AM,Travel,Sale,-35.93
09/20/2024,09/22/2024,ATL WENDY'S,Food & Drink,Sale,-10.42
09/20/2024,09/22/2024,ATLMARKET ST2687,Shopping,Sale,-39.87
09/20/2024,09/22/2024,SUBWAY AURORA II,Food & Drink,Sale,-8.94
09/20/2024,09/22/2024,ZULU,Food & Drink,Sale,-9.59
09/20/2024,09/22/2024,ATLANTA BUSINESS CHRONIC,Groceries,Sale,-4.31
09/20/2024,09/22/2024,PRICESMART FRAIJANES,Shopping,Sale,-167.43
09/20/2024,09/22/2024,AMAZON MKTPL*FA4G11M93,Shopping,Sale,-40.14
09/18/2024,09/19/2024,ABERCROMBIE &amp; FITCH,Shopping,Sale,-70.13
09/18/2024,09/19/2024,WEB*BLUEHOST.COM,Bills & Utilities,Return,22.41
09/18/2024,09/19/2024,CEMACO CARRETERA A EL SAL,Home,Sale,-118.89
09/18/2024,09/19/2024,DNH*GODADDY#3274417007,Bills & Utilities,Return,11.99
09/18/2024,09/19/2024,MAXI DESPENSA BARBERENA,Groceries,Sale,-11.20
09/18/2024,09/19/2024,MAXI DESPENSA BARBERENA,Groceries,Sale,-9.25
09/17/2024,09/18/2024,AMAZON MKTPL*2Z2BE4J43,Shopping,Sale,-73.53
09/17/2024,09/18/2024,DNH*GODADDY#3274417007,Bills & Utilities,Sale,-11.99
09/17/2024,09/18/2024,SUPERMERCADOS LA TORRE BA,Groceries,Sale,-92.26
09/15/2024,09/17/2024,MAX BARBERENA,Shopping,Sale,-38.71
09/16/2024,09/17/2024,SAN MARTIN PLAZA MADERO,Food & Drink,Sale,-12.62
09/16/2024,09/17/2024,AMZN Mktp US*2H4AJ8II3,Shopping,Sale,-28.90
09/16/2024,09/17/2024,WEB*BLUEHOST.COM,Bills & Utilities,Sale,-35.40
09/16/2024,09/17/2024,AMZN Mktp US*856R42QQ3,Shopping,Sale,-39.98
09/13/2024,09/15/2024,MAXI DESPENSA BARBERENA,Groceries,Sale,-10.51
09/12/2024,09/15/2024,CENTRO COM PRADERA CONCEP,Travel,Sale,-1.94
09/12/2024,09/13/2024,OLD NAVY PRADERA CAES N1,Shopping,Sale,-54.72
09/12/2024,09/13/2024,CAFE BARISTA CB149 CA EL,Food & Drink,Sale,-5.83
09/12/2024,09/13/2024,ZARA PRADERA CAES,Shopping,Sale,-12.82
09/11/2024,09/12/2024,LE CAFE,Food & Drink,Sale,-5.70
09/10/2024,09/12/2024,ESTACION GEZCO BARBERENA,Gas,Sale,-62.37
09/10/2024,09/11/2024,MCDONALDS BARBERENA,Food & Drink,Sale,-11.85
09/08/2024,09/10/2024,CAFE BARISTA CB143 BARBER,Food & Drink,Sale,-5.56
09/09/2024,09/10/2024,PRICESMART FRAIJANES,Shopping,Sale,-214.70
09/09/2024,09/10/2024,MAXI DESPENSA BARBERENA,Groceries,Sale,-14.81
09/07/2024,09/09/2024,CEMACO KILOMETRO 21 W,Home,Sale,-10.71
09/07/2024,09/09/2024,CEMACO KILOMETRO 21 W,Home,Sale,-152.11
09/07/2024,09/08/2024,NOVEX CARRETERA A EL SALV,Home,Sale,-25.23
08/17/2024,09/08/2024,ZARA PRADERA CAES,Shopping,Return,51.52
09/06/2024,09/08/2024,MOVES APP SUBSCRIPTION,Personal,Sale,-20.00
09/06/2024,09/08/2024,Tigo Guatemala,Bills & Utilities,Sale,-25.75
09/06/2024,09/08/2024,MAXI DESPENSA BARBERENA,Groceries,Sale,-28.99
09/05/2024,09/06/2024,SUPERMERCADOS LA TORRE BA,Groceries,Sale,-85.63
09/05/2024,09/06/2024,SAN MARTIN PLAZA MADERO,Food & Drink,Sale,-1.41
09/04/2024,09/06/2024,Tigo Guatemala,Bills & Utilities,Sale,-84.84
09/05/2024,09/06/2024,NETFLIX.COM,Bills & Utilities,Sale,-7.66
09/04/2024,09/06/2024,POLLO CAMPERO 686 PL BARB,Food & Drink,Sale,-20.73
09/03/2024,09/04/2024,GASOLINERA EL CERINAL,Gas,Sale,-38.86
09/03/2024,09/04/2024,LA CAJA,Entertainment,Sale,-102.98
09/03/2024,09/04/2024,TNTWARE,Shopping,Sale,-30.00
09/02/2024,09/04/2024,SUPER LA TORRE MADERO -VN,Groceries,Sale,-64.25
09/03/2024,09/04/2024,GLOBAL SPORTS CORPORATION,Entertainment,Sale,-128.89
09/03/2024,09/03/2024,Payment Thank You-Mobile,,Payment,595.96
09/02/2024,09/03/2024,SPORTA GUATEMALA,Entertainment,Sale,-68.01
09/02/2024,09/03/2024,SPORTA GUATEMALA,Entertainment,Sale,-68.01
09/02/2024,09/03/2024,SAN MARTIN PLAZA MADERO,Food & Drink,Sale,-11.66
08/31/2024,09/02/2024,DEL GRIEGO,Food & Drink,Sale,-30.05
09/01/2024,09/02/2024,MAXI DESPENSA BARBERENA,Groceries,Sale,-9.21
08/29/2024,09/01/2024,CAFE BARISTA CB143 BARBER,Food & Drink,Sale,-19.43
08/29/2024,09/01/2024,SUPER LA TORRE MADERO -VN,Groceries,Sale,-242.47
08/31/2024,09/01/2024,PROTON AG,Professional Services,Sale,-8.99
08/29/2024,09/01/2024,DOMINOS BARBERENA,Food & Drink,Sale,-5.18
08/29/2024,09/01/2024,DOLLARCITY PLZ BARBERENA,Home,Sale,-1.42
08/28/2024,08/29/2024,SUPERMERCADOS LA TORRE BA,Groceries,Sale,-9.55
08/26/2024,08/28/2024,SUPER LA TORRE MADERO -VN,Groceries,Sale,-48.22
08/26/2024,08/27/2024,GASOLINERA EL CERINAL,Gas,Sale,-38.81
08/23/2024,08/25/2024,MAXI DESPENSA BARBERENA,Groceries,Sale,-1.23
08/23/2024,08/25/2024,PAIZ FRAIJANES,Groceries,Sale,-15.62
08/23/2024,08/25/2024,SUPER LA TORRE MADERO -VN,Groceries,Sale,-63.89
08/22/2024,08/25/2024,SUPER LA TORRE MADERO -VN,Groceries,Sale,-86.69
08/22/2024,08/25/2024,PRICESMART FOOD COURT FRA,Shopping,Sale,-7.38
08/23/2024,08/25/2024,SAN MARTIN PLAZA MADERO,Food & Drink,Sale,-2.26
08/23/2024,08/23/2024,Payment Thank You-Mobile,,Payment,566.68
08/22/2024,08/23/2024,CEMACO CARRETERA A EL SAL,Home,Sale,-5.56
08/19/2024,08/21/2024,MEYKOS PLAZA MADERO CAES,Health & Wellness,Sale,-120.68
08/19/2024,08/21/2024,PRICESMART FRAIJANES,Shopping,Sale,-212.40
08/19/2024,08/20/2024,SAN MARTIN PLAZA MADERO,Food & Drink,Sale,-18.63
08/17/2024,08/19/2024,CENTRO COM PRADERA CONCEP,Travel,Sale,-1.94
08/17/2024,08/19/2024,PANADERIA SAN MARTIN COND,Food & Drink,Sale,-3.49
08/17/2024,08/18/2024,ZARA PRADERA CAES,Shopping,Sale,-103.33
08/15/2024,08/16/2024,MCDONALDS BARBERENA,Food & Drink,Sale,-5.05
08/12/2024,08/12/2024,Payment Thank You - Web,,Payment,479.33
08/10/2024,08/12/2024,CENTRO COM PRADERA CONCEP,Travel,Sale,-1.94
08/10/2024,08/12/2024,ANAIS PRADERA CONCEPCION,Shopping,Sale,-68.48
08/10/2024,08/12/2024,BEAUTY ACTIVE 14 CORIUM,Shopping,Sale,-25.71
08/11/2024,08/12/2024,MAXI DESPENSA BARBERENA,Groceries,Sale,-5.03
08/10/2024,08/11/2024,GNC PRADERA CAES N3,Groceries,Sale,-5.36
08/10/2024,08/11/2024,COFFEE STORE 502,Food & Drink,Sale,-1.94
08/09/2024,08/11/2024,COLEGIO CAMPO VERDE     -,Education,Sale,-119.58
08/10/2024,08/11/2024,PLATA BUENOS AIRES PRADER,Shopping,Sale,-10.34
08/08/2024,08/11/2024,PRICESMART FRAIJANES,Shopping,Sale,-86.78
08/10/2024,08/11/2024,MAXI DESPENSA BARBERENA,Groceries,Sale,-3.06
08/07/2024,08/09/2024,SUPER LA TORRE MADERO -VN,Groceries,Sale,-157.43
08/07/2024,08/09/2024,Tigo Guatemala,Bills & Utilities,Sale,-25.71
08/06/2024,08/08/2024,CAFE BARISTA CB143 BARBER,Food & Drink,Sale,-19.38
08/07/2024,08/08/2024,MAXI DESPENSA BARBERENA,Groceries,Sale,-0.81
08/06/2024,08/08/2024,SUPER LA TORRE MADERO -VN,Groceries,Sale,-1.24
08/06/2024,08/08/2024,PedidosYa RESTAURANTES,Shopping,Sale,-20.16
08/06/2024,08/08/2024,MEYKOS PLAZA MADERO CAES,Health & Wellness,Sale,-6.76
08/07/2024,08/07/2024,Payment Thank You-Mobile,,Payment,464.47
08/06/2024,08/07/2024,Kindle Svcs*RF6ZG87C0,Shopping,Sale,-9.99
08/06/2024,08/07/2024,PedidosYa PROPINAS,Shopping,Sale,-0.78
08/06/2024,08/07/2024,MOVES APP SUBSCRIPTION,Personal,Sale,-20.00
08/06/2024,08/07/2024,Kindle Svcs,Shopping,Return,9.99
08/05/2024,08/06/2024,NETFLIX.COM,Bills & Utilities,Sale,-7.66
08/04/2024,08/06/2024,Tigo Guatemala,Bills & Utilities,Sale,-82.56
08/03/2024,08/04/2024,Payment Thank You - Web,,Payment,1023.42
08/02/2024,08/04/2024,TNTWARE,Shopping,Sale,-30.00
08/03/2024,08/04/2024,GLOBAL SPORTS CORPORATION,Entertainment,Sale,-128.55
08/03/2024,08/04/2024,LA CAJA,Entertainment,Sale,-102.71
08/03/2024,08/04/2024,SUPERMERCADOS LA TORRE BA,Groceries,Sale,-10.66
08/01/2024,08/04/2024,SIENTO,Groceries,Sale,-57.49
08/02/2024,08/04/2024,SUPERMERCADOS LA TORRE BA,Groceries,Sale,-44.84
08/01/2024,08/02/2024,SPORTA GUATEMALA,Entertainment,Sale,-67.83
08/01/2024,08/02/2024,SPORTA GUATEMALA,Entertainment,Sale,-67.83
08/01/2024,08/02/2024,MAXI DESPENSA BARBERENA,Groceries,Sale,-8.96
07/30/2024,08/01/2024,PRICESMART FRAIJANES,Shopping,Sale,-302.57
07/30/2024,08/01/2024,PRICESMART FRAIJANES,Shopping,Sale,-60.96
07/30/2024,07/31/2024,SUPERMERCADOS LA TORRE BA,Groceries,Sale,-61.53
07/30/2024,07/31/2024,PROTON AG,Professional Services,Sale,-8.99
07/28/2024,07/29/2024,MAXI DESPENSA BARBERENA,Groceries,Sale,-3.69
07/27/2024,07/28/2024,SUPERMERCADOS LA TORRE BA,Groceries,Sale,-2.65
07/27/2024,07/28/2024,MAXI DESPENSA BARBERENA,Groceries,Sale,-3.49
07/25/2024,07/28/2024,SUPER LA TORRE MADERO -VN,Groceries,Sale,-105.54
07/24/2024,07/26/2024,PANADER A SN MART N PLZ M,Food & Drink,Sale,-18.34
07/24/2024,07/25/2024,MCDONALDS FRAIJANES,Food & Drink,Sale,-4.52
07/23/2024,07/24/2024,MAXI DESPENSA BARBERENA,Groceries,Sale,-23.99
07/22/2024,07/23/2024,SUPERMERCADOS LA TORRE BA,Groceries,Sale,-7.20
07/22/2024,07/23/2024,SUPERMERCADOS LA TORRE BA,Groceries,Sale,-50.66
07/21/2024,07/22/2024,Kindle Svcs*RJ8W37FP1,Shopping,Sale,-4.99
07/20/2024,07/22/2024,PRICESMART FOOD COURT FRA,Shopping,Sale,-5.16
07/18/2024,07/21/2024,PRICESMART FRAIJANES,Shopping,Sale,-207.18
07/20/2024,07/21/2024,Payment Thank You - Web,,Payment,1510.65
07/19/2024,07/21/2024,MAXI DESPENSA BARBERENA,Groceries,Sale,-2.17
07/18/2024,07/21/2024,PRICESMART FOOD COURT FRA,Shopping,Sale,-5.17
07/18/2024,07/19/2024,DELTA AIR   0062252156356,Travel,Sale,-536.10
07/18/2024,07/19/2024,MAXI DESPENSA BARBERENA,Groceries,Sale,-6.90
07/17/2024,07/19/2024,CAFE BARISTA CB143 BARBER,Food & Drink,Sale,-9.04
07/17/2024,07/18/2024,WENDYS SAN JOSE PINULA,Food & Drink,Sale,-11.62
07/17/2024,07/18/2024,WENDYS SAN JOSE PINULA,Food & Drink,Sale,-2.71
07/17/2024,07/18/2024,MAXI DESPENSA BARBERENA,Groceries,Sale,-2.14
07/16/2024,07/17/2024,ESTACION DE  SERVICIO CAS,Gas,Sale,-64.95
07/15/2024,07/17/2024,PANADER A SN MART N PLZ M,Food & Drink,Sale,-7.23
07/15/2024,07/17/2024,SUPER LA TORRE MADERO -VN,Groceries,Sale,-66.90
07/15/2024,07/17/2024,CAFE BARISTA CB143 BARBER,Food & Drink,Sale,-8.26
07/15/2024,07/16/2024,NOVEX CARRETERA A EL SALV,Home,Sale,-48.42
07/15/2024,07/16/2024,MAXI DESPENSA BARBERENA,Groceries,Sale,-26.09
07/14/2024,07/15/2024,MAXI DESPENSA BARBERENA,Groceries,Sale,-7.66
07/14/2024,07/15/2024,CHOLOCATERA ANTIGUA,Shopping,Sale,-10.84
07/14/2024,07/15/2024,CHOLOCATERA ANTIGUA,Shopping,Sale,-15.35
07/12/2024,07/14/2024,PLAZA MONTE SAGRADO,Shopping,Sale,-1.68
07/12/2024,07/14/2024,PLAZA NORTE SB1,Shopping,Sale,-1.68
07/11/2024,07/12/2024,SAN MARTIN PLAZA MADERO,Food & Drink,Sale,-2.26
07/11/2024,07/12/2024,FRINGE,Personal,Sale,-167.14
07/11/2024,07/12/2024,MAXI DESPENSA BARBERENA,Groceries,Sale,-11.85
07/10/2024,07/12/2024,SUPER LA TORRE MADERO -VN,Groceries,Sale,-15.96
07/09/2024,07/11/2024,DOLLARCITY PLZ BARBERENA,Home,Sale,-11.61
07/09/2024,07/11/2024,COLEGIO CAMPO VERDE     -,Education,Sale,-59.69
07/10/2024,07/11/2024,SAN MARTIN PLAZA MADERO,Food & Drink,Sale,-12.58
07/09/2024,07/10/2024,MCDONALDS BARBERENA,Groceries,Sale,-4.90
07/09/2024,07/10/2024,MAXI DESPENSA BARBERENA,Groceries,Sale,-28.15
07/08/2024,07/09/2024,MAXI DESPENSA BARBERENA,Groceries,Sale,-15.66
07/08/2024,07/09/2024,FIT SPORTS,Shopping,Sale,-45.14
07/06/2024,07/08/2024,Tigo Guatemala,Bills & Utilities,Sale,-25.64
07/07/2024,07/08/2024,GASOLINERA EL CERINAL,Gas,Sale,-65.10
07/07/2024,07/08/2024,MCDONALDS BARBERENA,Groceries,Sale,-3.35
07/07/2024,07/08/2024,CANCHAS DEPORTIVAS D VOLE,Entertainment,Sale,-6.44
07/04/2024,07/07/2024,GLOBAL SPORTS CORPORATION,Personal,Sale,-285.51
07/04/2024,07/07/2024,Tigo Guatemala,Bills & Utilities,Sale,-82.37
07/04/2024,07/07/2024,ANFORA BARBERENA,Groceries,Sale,-1.55
07/06/2024,07/07/2024,CANCHAS DEPORTIVAS D VOLE,Entertainment,Sale,-12.89
07/06/2024,07/07/2024,MAXI DESPENSA BARBERENA,Groceries,Sale,-0.45
07/05/2024,07/07/2024,NETFLIX.COM,Bills & Utilities,Sale,-7.66
07/06/2024,07/07/2024,SUPERMERCADOS LA TORRE BA,Groceries,Sale,-40.44
07/06/2024,07/07/2024,MOVES APP SUBSCRIPTION,Personal,Sale,-20.00
07/04/2024,07/05/2024,MAXI DESPENSA BARBERENA,Groceries,Sale,-23.20
07/04/2024,07/05/2024,MEGAPACA BARBERENA,Shopping,Sale,-13.53
07/04/2024,07/05/2024,CENTRO CONVENIENCIA L.ALT,Gas,Sale,-4.06
07/04/2024,07/04/2024,Payment Thank You-Mobile,,Payment,2286.00
07/03/2024,07/04/2024,SUPERMERCADOS LA TORRE BA,Groceries,Sale,-11.48
07/03/2024,07/04/2024,GLOBAL SPORTS CORPORATION,Personal,Sale,-128.25
07/02/2024,07/04/2024,SPORTA GUATEMALA,Personal,Sale,-67.65
07/03/2024,07/04/2024,LA CAJA,Personal,Sale,-102.47
07/03/2024,07/04/2024,FIT SPORTS,Shopping,Sale,-25.14
07/01/2024,07/03/2024,PRICESMART FRAIJANES,Groceries,Sale,-69.54
07/01/2024,07/03/2024,SUPER LA TORRE MADERO -VN,Groceries,Sale,-71.82
07/01/2024,07/02/2024,THE SHOT BY LOOPS,Entertainment,Sale,-9.02
07/01/2024,07/02/2024,SUPERMERCADOS LA TORRE BA,Groceries,Sale,-23.60
07/01/2024,07/02/2024,TNTWARE,Professional Services,Sale,-30.00
07/01/2024,07/02/2024,THE SHOT BY LOOPS,Entertainment,Sale,-7.23
07/01/2024,07/02/2024,THE SHOT BY LOOPS,Entertainment,Sale,-10.31
07/01/2024,07/02/2024,SAN MARTIN PLAZA MADERO,Groceries,Sale,-8.57
07/01/2024,07/02/2024,THE SHOT BY LOOPS,Entertainment,Sale,-17.40
07/01/2024,07/02/2024,THE SHOT BY LOOPS,Entertainment,Sale,-2.58
06/30/2024,07/01/2024,PROTON AG,Professional Services,Sale,-8.99
06/29/2024,06/30/2024,SUPERMERCADOS LA TORRE BA,Groceries,Sale,-13.63
06/28/2024,06/30/2024,SUPER LA TORRE MADERO -VN,Groceries,Sale,-99.77
06/28/2024,06/30/2024,BELLA PIEL PLAZA CONCEPCI,Health & Wellness,Sale,-51.55
06/28/2024,06/30/2024,PARQUEO CONCEPCION,Travel,Sale,-1.93
06/28/2024,06/30/2024,MEYKOS PLAZA MADERO CAES,Health & Wellness,Sale,-149.48
06/26/2024,06/28/2024,OAKLAND MALL PARQUEO,Travel,Sale,-1.93
06/27/2024,06/28/2024,PLAZA MONTE SAGRADO,Shopping,Sale,-1.68
06/27/2024,06/28/2024,MAXI DESPENSA BARBERENA,Groceries,Sale,-7.58
06/26/2024,06/28/2024,MEDITERRANEO COCINA DE AU,Food & Drink,Sale,-39.69
06/27/2024,06/28/2024,WENDYS SAN JOSE PINULA,Food & Drink,Sale,-13.66
06/25/2024,06/27/2024,CENTRO COM PRADERA CONCEP,Travel,Sale,-1.93
06/24/2024,06/26/2024,POLLO CAMPERO 686 PL BARB,Food & Drink,Sale,-29.15
06/24/2024,06/26/2024,DOLLARCITY PLZ BARBERENA,Home,Sale,-6.19
06/24/2024,06/25/2024,MCDONALDS BARBERENA,Food & Drink,Sale,-19.48
06/22/2024,06/24/2024,PANADERIA SAN MARTIN COND,Food & Drink,Sale,-7.28
06/22/2024,06/24/2024,PANAD SAN MARTIN MINUTO M,Food & Drink,Sale,-6.31
06/22/2024,06/23/2024,SUPERMERCADOS LA TORRE BA,Groceries,Sale,-79.76
06/22/2024,06/23/2024,SPORTA GUATEMALA,Entertainment,Sale,-12.89
06/22/2024,06/23/2024,POLLO CAMPERO 137 C.CONCE,Food & Drink,Sale,-9.28
06/21/2024,06/23/2024,SPORTA GUATEMALA,Entertainment,Sale,-16.13
06/22/2024,06/23/2024,THE SHOT BY LOOPS,Entertainment,Sale,-35.70
06/21/2024,06/23/2024,PedidosYa RESTAURANTES,Food & Drink,Sale,-9.16
06/22/2024,06/23/2024,SAN MARTIN MUXBAL,Food & Drink,Sale,-39.56
06/22/2024,06/23/2024,SUPERMERCADOS LA TORRE BA,Groceries,Sale,-17.81
06/23/2024,06/23/2024,TRANSACTION FEE,Fees & Adjustments,Fee,-10.00
06/22/2024,06/23/2024,XOOM.COM,Personal,Cash Advance,-93.22
06/22/2024,06/23/2024,PARQUEO LA AURORA EPR5,Travel,Sale,-2.58
06/20/2024,06/23/2024,Tigo Guatemala,Bills & Utilities,Sale,-82.45
06/22/2024,06/23/2024,SUPERMERCADOS LA TORRE BA,Groceries,Sale,-9.14
06/22/2024,06/23/2024,SPORTA GUATEMALA,Entertainment,Sale,-61.21
06/20/2024,06/23/2024,DOMINOS BARBERENA,Food & Drink,Sale,-44.13
06/20/2024,06/21/2024,GLOBAL SPORTS CORPORATION,Entertainment,Sale,-1.29
06/20/2024,06/21/2024,XOOM.COM,Bills & Utilities,Sale,-264.99
06/20/2024,06/21/2024,HOT DOQUERIA EL CHINITO 2,Food & Drink,Sale,-2.97
06/20/2024,06/21/2024,HOT DOQUERIA EL CHINITO 2,Food & Drink,Sale,-1.03
06/20/2024,06/21/2024,CEMACO CARRETERA A EL SAL,Home,Sale,-5.81
06/18/2024,06/20/2024,SUPER LA TORRE MADERO -VN,Groceries,Sale,-136.65
06/18/2024,06/19/2024,MAXI DESPENSA BARBERENA,Groceries,Sale,-4.12
06/18/2024,06/18/2024,Payment Thank You-Mobile,,Payment,1229.75
06/17/2024,06/18/2024,SUPERMERCADOS LA TORRE BA,Groceries,Sale,-16.78
06/13/2024,06/16/2024,PRICESMART FRAIJANES,Groceries,Sale,-138.10
06/14/2024,06/16/2024,GLOBAL SPORTS CORPORATION,Entertainment,Sale,-1.29
06/14/2024,06/16/2024,MAXI DESPENSA BARBERENA,Groceries,Sale,-5.31
06/13/2024,06/16/2024,POLLO CAMPERO 686 PL BARB,Food & Drink,Sale,-18.69
06/13/2024,06/16/2024,SUPER LA TORRE MADERO -VN,Groceries,Sale,-168.48
06/15/2024,06/16/2024,AMAZON MKTPL*5H6LI9J93,Shopping,Sale,-91.84
06/15/2024,06/16/2024,SUPERMERCADOS LA TORRE BA,Groceries,Sale,-69.75
06/14/2024,06/16/2024,PETOLOGY,Miscellaneous,Sale,-216.55
06/13/2024,06/14/2024,GLOBAL SPORTS CORPORATION,Entertainment,Sale,-1.29
06/13/2024,06/14/2024,CANTEL PLAZA MADERO,Home,Sale,-4.42
06/13/2024,06/14/2024,HOT DOQUERIA EL CHINITO 2,Food & Drink,Sale,-14.57
06/13/2024,06/14/2024,SAN MARTIN PLAZA MADERO,Food & Drink,Sale,-16.43
06/13/2024,06/14/2024,ETSY  INC.,Shopping,Sale,-8.00
06/13/2024,06/14/2024,NOVEX CARRETERA A EL SALV,Home,Sale,-37.38
06/13/2024,06/14/2024,DRIBBLEUP.COMEMBRSHIP,Entertainment,Sale,-18.39
06/12/2024,06/13/2024,GLOBAL SPORTS CORPORATION,Entertainment,Sale,-1.29
06/11/2024,06/12/2024,LA CAJA,Entertainment,Sale,-102.47
06/10/2024,06/11/2024,GLOBAL SPORTS CORPORATION,Entertainment,Sale,-1.29
06/09/2024,06/10/2024,SUPERMERCADOS LA TORRE BA,Groceries,Sale,-34.95
06/07/2024,06/09/2024,POLLO PINULITO PORTAL SOL,Food & Drink,Sale,-1.87
06/07/2024,06/09/2024,SUPER 24 SOLE,Groceries,Sale,-3.61
06/07/2024,06/09/2024,GLOBAL SPORTS CORPORATION,Entertainment,Sale,-1.29
06/08/2024,06/09/2024,Payment Thank You-Mobile,,Payment,410.26
06/07/2024,06/09/2024,SUPERMERCADOS LA TORRE BA,Groceries,Sale,-52.49
06/07/2024,06/09/2024,FCV OLMECA KM 16.5,Health & Wellness,Sale,-17.75
06/07/2024,06/09/2024,DOLLARCITY PLZ BARBERENA,Home,Sale,-3.22
06/06/2024,06/09/2024,TECNISCAN FRAIJANES,Health & Wellness,Sale,-10.95
06/07/2024,06/09/2024,SERMESA CARRETERA A EL SA,Health & Wellness,Sale,-22.55
06/07/2024,06/09/2024,MAXI DESPENSA BARBERENA,Groceries,Sale,-1.61
06/07/2024,06/09/2024,LA NEVERIA PLAZA BARBEREN,Food & Drink,Sale,-6.83
06/08/2024,06/09/2024,POLLO CAMPERO 686,Food & Drink,Sale,-26.22
06/06/2024,06/09/2024,POLLO CAMPERO 191 CA EL S,Food & Drink,Sale,-6.70
06/06/2024,06/09/2024,Tigo Guatemala,Bills & Utilities,Sale,-25.64
06/07/2024,06/09/2024,PRICESMART FRAIJANES,Groceries,Sale,-98.53
06/06/2024,06/07/2024,MOVES APP SUBSCRIPTION,Personal,Sale,-20.00
06/06/2024,06/07/2024,GLOBAL SPORTS CORPORATION,Entertainment,Sale,-1.29
06/05/2024,06/06/2024,SUPERMERCADOS LA TORRE BA,Groceries,Sale,-22.43
06/05/2024,06/05/2024,Payment Thank You-Mobile,,Payment,986.14
06/03/2024,06/05/2024,CAFE BARISTA CB143 BARBER,Food & Drink,Sale,-5.80
06/05/2024,06/05/2024,LA LIGA ESPAOLA CAM...,Personal,Sale,-360.74
06/03/2024,06/04/2024,GLOBAL SPORTS CORPORATION,Entertainment,Sale,-2.58
06/03/2024,06/04/2024,GLOBAL SPORTS CORPORATION,Entertainment,Sale,-128.22
06/02/2024,06/04/2024,DOLLARCITY PLZ BARBERENA,Home,Sale,-7.47
06/01/2024,06/03/2024,PRICESMART FOOD COURT FRA,Food & Drink,Sale,-5.93
06/01/2024,06/03/2024,SUPER LA TORRE MADERO -VN,Groceries,Sale,-5.77
06/01/2024,06/03/2024,SUPER LA TORRE MADERO -VN,Groceries,Sale,-28.49
06/01/2024,06/03/2024,PRICESMART FRAIJANES,Groceries,Sale,-15.46
06/02/2024,06/03/2024,MAXI DESPENSA BARBERENA,Groceries,Sale,-1.03
06/01/2024,06/03/2024,PRICESMART FRAIJANES,Groceries,Sale,-77.41
06/02/2024,06/03/2024,MAXI DESPENSA BARBERENA,Groceries,Sale,-12.45
06/02/2024,06/03/2024,SUPERMERCADOS LA TORRE BA,Groceries,Sale,-2.90
06/01/2024,06/02/2024,PARQUEO LA AURORA EPR2,Travel,Sale,-2.58
05/31/2024,06/02/2024,CAFE BARISTA CB143 BARBER,Food & Drink,Sale,-3.09
05/30/2024,06/02/2024,SUPER LA TORRE MADERO -VN,Groceries,Sale,-2.29
05/30/2024,06/02/2024,SUPER LA TORRE MADERO -VN,Groceries,Sale,-119.23
06/01/2024,06/02/2024,PARQUEO LA AURORA EPR4,Travel,Sale,-2.58
06/01/2024,06/02/2024,TNTWARE,Bills & Utilities,Sale,-30.00
06/01/2024,06/02/2024,PLAZA MONTE SAGRADO,Shopping,Sale,-1.68
06/01/2024,06/02/2024,PLAZA NORTE SB1,Shopping,Sale,-1.68
05/30/2024,06/02/2024,STARBUCKS FRAIJANES,Food & Drink,Sale,-22.55
05/31/2024,06/02/2024,MAXI DESPENSA BARBERENA,Groceries,Sale,-5.34
05/29/2024,05/31/2024,Tigo Guatemala,Bills & Utilities,Sale,-82.35
05/30/2024,05/31/2024,PROTON AG,Professional Services,Sale,-8.99
05/29/2024,05/30/2024,GLOBAL SPORTS CORPORATION,Entertainment,Sale,-1.29
05/29/2024,05/30/2024,SUPERMERCADOS LA TORRE BA,Groceries,Sale,-33.78
05/28/2024,05/29/2024,MAXI DESPENSA BARBERENA,Groceries,Sale,-7.95
05/28/2024,05/29/2024,HOT DOQUERIA EL CHINITO 2,Food & Drink,Sale,-6.70
05/28/2024,05/29/2024,SUPERMERCADOS LA TORRE BA,Groceries,Sale,-28.42
05/28/2024,05/29/2024,GLOBAL SPORTS CORPORATION,Entertainment,Sale,-1.29
05/27/2024,05/28/2024,GLOBAL SPORTS CORPORATION,Entertainment,Sale,-1.29
05/27/2024,05/28/2024,SUPERMERCADOS LA TORRE BA,Groceries,Sale,-10.47
05/27/2024,05/28/2024,MOVES APP SUBSCRIPTION,Groceries,Sale,-30.00
05/26/2024,05/27/2024,MAXI DESPENSA BARBERENA,Groceries,Sale,-1.77
05/24/2024,05/26/2024,PedidosYa RESTAURANTES,Food & Drink,Sale,-9.54
05/25/2024,05/26/2024,SUPERMERCADOS LA TORRE BA,Groceries,Sale,-89.32
05/24/2024,05/26/2024,SERMESA CARRETERA A EL SA,Health & Wellness,Sale,-165.58
05/23/2024,05/26/2024,SUPER LA TORRE MADERO -VN,Groceries,Sale,-11.53
05/22/2024,05/24/2024,PANADER A SN MART N PLZ M,Food & Drink,Sale,-15.45
05/23/2024,05/24/2024,SUPERMERCADOS LA TORRE BA,Groceries,Sale,-1.69
05/23/2024,05/23/2024,Payment Thank You - Web,,Payment,1256.98
05/21/2024,05/22/2024,SUPERMERCADOS LA TORRE BA,Groceries,Sale,-70.76
05/20/2024,05/21/2024,INNOVAMED CC,Health & Wellness,Sale,-135.05
05/19/2024,05/21/2024,ANTHROPOLOGIE.COM,Shopping,Sale,-54.77
05/19/2024,05/20/2024,POLLO CAMPERO 686,Food & Drink,Sale,-42.14
05/18/2024,05/20/2024,PRICESMART FRAIJANES,Groceries,Sale,-132.62
05/18/2024,05/20/2024,MEGAPACA BARBERENA,Entertainment,Sale,-2.38
05/17/2024,05/19/2024,PLAZA NORTE SB1,Shopping,Sale,-1.68
05/18/2024,05/19/2024,PANADER A SN MART N PLZ M,Food & Drink,Sale,-6.31
05/16/2024,05/19/2024,COLEGIO CAMPO VERDE     -,Education,Sale,-118.86
05/17/2024,05/19/2024,WALMART ATANASIO TZUL,Groceries,Sale,-96.20
05/17/2024,05/19/2024,PAYPAL *ROJASESTEBAN87,Professional Services,Sale,-211.09
05/18/2024,05/19/2024,FARMACIA BATRES BARBERENA,Health & Wellness,Sale,-11.49
05/18/2024,05/19/2024,SUPERMERCADOS LA TORRE BA,Groceries,Sale,-6.24
05/18/2024,05/19/2024,PROCASA PLAZA NOVITA,Groceries,Sale,-26.35
05/17/2024,05/19/2024,Guatemala vs Dominica,Entertainment,Sale,-73.45
05/17/2024,05/19/2024,PLAZA MONTE SAGRADO,Shopping,Sale,-1.68
05/16/2024,05/19/2024,Guatemala vs Dominica,Entertainment,Sale,-122.45
05/17/2024,05/19/2024,GLOBAL SPORTS CORPORATION,Entertainment,Sale,-1.29
05/16/2024,05/17/2024,ES CAFE 2,Food & Drink,Sale,-95.77
05/16/2024,05/17/2024,GLOBAL SPORTS CORPORATION,Entertainment,Sale,-1.29
05/16/2024,05/17/2024,SHERWIN WILLIAMS/DIDEMA S,Home,Sale,-45.11
05/16/2024,05/16/2024,Payment Thank You-Mobile,,Payment,386.08
05/14/2024,05/15/2024,CEMACO CARRETERA A EL SAL,Home,Sale,-27.06
05/14/2024,05/15/2024,PANADER A SN MART N PLZ M,Food & Drink,Sale,-20.81
05/14/2024,05/15/2024,NOVEX CARRETERA A EL SALV,Home,Sale,-18.69
05/14/2024,05/15/2024,CEMACO CARRETERA A EL SAL,Home,Sale,-80.53
05/13/2024,05/14/2024,PETOLOGY,Shopping,Sale,-30.93
05/11/2024,05/14/2024,CONSTANTIA VILLAGE,Food & Drink,Sale,-42.40
05/13/2024,05/14/2024,SUPERMERCADOS LA TORRE BA,Groceries,Sale,-46.70
05/11/2024,05/14/2024,KIELSA BARBERENA H41,Health & Wellness,Sale,-12.56
05/13/2024,05/14/2024,DRIBBLEUP.COMEMBRSHIP,Shopping,Sale,-18.39
05/13/2024,05/14/2024,HOT DOQUERIA EL CHINITO 2,Food & Drink,Sale,-2.45
05/13/2024,05/13/2024,Payment Thank You-Mobile,,Payment,1600.96
05/12/2024,05/13/2024,MAXI DESPENSA BARBERENA,Groceries,Sale,-10.82
05/11/2024,05/13/2024,FARMACIA LA CUCHILLA,Health & Wellness,Sale,-4.51
05/11/2024,05/13/2024,CENTRO COM PRADERA CONCEP,Travel,Sale,-1.93
05/11/2024,05/13/2024,ANAIS PRADERA CONCEPCION,Shopping,Sale,-68.30
05/11/2024,05/12/2024,GRUPO PALOMINO RANCH,Food & Drink,Sale,-46.07
05/10/2024,05/12/2024,MAXI DESPENSA BARBERENA,Groceries,Sale,-0.68
05/11/2024,05/12/2024,PLANT,Education,Sale,-149.48
05/10/2024,05/12/2024,MCDONALDS BARBERENA,Food & Drink,Sale,-8.38
05/11/2024,05/12/2024,MAXI DESPENSA BARBERENA,Groceries,Sale,-1.29
05/09/2024,05/10/2024,H.SARITA KIOSCO BARBERENA,Food & Drink,Sale,-10.44
05/09/2024,05/10/2024,GLOBAL SPORTS CORPORATION,Entertainment,Sale,-128.22
05/08/2024,05/10/2024,Tigo Guatemala,Bills & Utilities,Sale,-72.55
05/09/2024,05/10/2024,MAXI DESPENSA BARBERENA,Groceries,Sale,-20.68
05/08/2024,05/10/2024,PRICESMART FRAIJANES,Groceries,Sale,-33.75
05/09/2024,05/10/2024,SUPERMERCADOS LA TORRE BA,Groceries,Sale,-7.73
05/08/2024,05/10/2024,KIELSA BARBERENA H41,Health & Wellness,Sale,-21.44
05/08/2024,05/09/2024,MAXI DESPENSA BARBERENA,Groceries,Sale,-18.04
05/08/2024,05/09/2024,PUERTA DEL SOL CONCEPCION,Groceries,Sale,-19.15
05/08/2024,05/09/2024,CS *LOFT E-GIFT CARD,Shopping,Sale,-25.00
05/08/2024,05/09/2024,GLOBAL SPORTS CORPORATION,Entertainment,Sale,-1.29
05/08/2024,05/08/2024,DRIBBLEUP.COSMARTBALL,Shopping,Sale,-32.46
05/06/2024,05/08/2024,GLOBAL SPORTS CORPORATION,Travel,Sale,-282.75
05/06/2024,05/07/2024,MOVES APP SUBSCRIPTION,Groceries,Sale,-20.00
05/06/2024,05/07/2024,HOT DOQUERIA EL CHINITO 2,Food & Drink,Sale,-18.56
05/05/2024,05/07/2024,Tigo Guatemala,Bills & Utilities,Sale,-25.63
05/04/2024,05/06/2024,CENTRO COM PRADERA CONCEP,Travel,Sale,-1.93
05/04/2024,05/06/2024,SUPER LA TORRE MADERO -VN,Groceries,Sale,-112.63
05/04/2024,05/06/2024,ANAIS PRADERA CONCEPCION,Shopping,Sale,-85.66
05/04/2024,05/06/2024,PRICESMART FRAIJANES,Groceries,Sale,-178.33
05/04/2024,05/05/2024,STRADIVARIUS PRADERA,Shopping,Sale,-29.37
05/04/2024,05/05/2024,SOCCERMANIA (PRAD. C,Shopping,Sale,-27.05
05/04/2024,05/05/2024,GT ZKIN FRAIJANES,Bills & Utilities,Sale,-47.02
05/04/2024,05/05/2024,BERSHKA PRADERA CONC,Shopping,Sale,-34.88
05/04/2024,05/05/2024,PUERTA DEL SOL CONCEPCION,Groceries,Sale,-81.32
05/02/2024,05/03/2024,MAXI DESPENSA BARBERENA,Groceries,Sale,-11.72
05/01/2024,05/02/2024,TNTWARE,Shopping,Sale,-30.00
05/01/2024,05/02/2024,MAXI DESPENSA BARBERENA,Groceries,Sale,-8.47
05/01/2024,05/01/2024,Payment Thank You-Mobile,,Payment,1471.69
04/30/2024,05/01/2024,PROTON AG,Professional Services,Sale,-8.99
04/28/2024,04/30/2024,TIENDAS VILLAHORRO,Groceries,Sale,-5.80
04/28/2024,04/30/2024,PRICESMART FRAIJANES,Groceries,Sale,-255.51
04/28/2024,04/30/2024,POLLO CAMPERO 191 CA EL S,Food & Drink,Sale,-9.66
04/28/2024,04/30/2024,SUPER LA TORRE MADERO -VN,Groceries,Sale,-38.33
04/29/2024,04/30/2024,MCDONALDS BARBERENA,Food & Drink,Sale,-6.25
04/28/2024,04/30/2024,CAFE ITZA,Food & Drink,Sale,-3.22
04/28/2024,04/29/2024,HOTEL ISLA DE FLORES,Travel,Sale,-39.10
04/27/2024,04/29/2024,DEPOSITO LA BODEGUITA,Groceries,Sale,-4.38
04/28/2024,04/29/2024,SAN MARTIN PLAZA MADERO,Food & Drink,Sale,-19.32
04/27/2024,04/29/2024,HOTEL ISLA DE FLORES,Travel,Sale,-60.01
04/25/2024,04/26/2024,SUPERMERCADOS LA TORRE BA,Groceries,Sale,-38.87
04/25/2024,04/26/2024,MAXI DESPENSA BARBERENA,Groceries,Sale,-54.80
04/24/2024,04/25/2024,SUBWAY PLAZA VARIETA,Food & Drink,Sale,-9.27
04/23/2024,04/24/2024,AIRBNB  HM3HJ9KPFQ,Travel,Sale,-161.11
04/22/2024,04/23/2024,SUPERMERCADOS LA TORRE BA,Groceries,Sale,-30.27
04/21/2024,04/22/2024,MAXI DESPENSA BARBERENA,Groceries,Sale,-6.94
04/19/2024,04/21/2024,H.SARITA KIOSCO BARBERENA,Food & Drink,Sale,-6.57
04/20/2024,04/21/2024,PAYPAL *ROJASESTEBAN87,Professional Services,Sale,-262.54
04/20/2024,04/21/2024,SUPERMERCADOS LA TORRE BA,Groceries,Sale,-2.20
04/20/2024,04/21/2024,MAXI DESPENSA BARBERENA,Groceries,Sale,-73.36
04/20/2024,04/21/2024,SUPERMERCADOS LA TORRE BA,Groceries,Sale,-33.97
04/19/2024,04/21/2024,SAM PET FOODS,Miscellaneous,Sale,-96.55
04/14/2024,04/16/2024,TARGET        00010322,Shopping,Sale,-197.72
04/15/2024,04/15/2024,Payment Thank You-Mobile,,Payment,1884.53
04/13/2024,04/15/2024,IAH CS CIBO EXP S BRID,Groceries,Sale,-11.14
04/13/2024,04/15/2024,UNITED      0164292537787,Travel,Sale,-44.80
04/12/2024,04/14/2024,ANFORA BARBERENA,Food & Drink,Sale,-0.77
04/13/2024,04/14/2024,DRIBBLEUP.COMEMBRSHIP,Entertainment,Sale,-18.39
04/12/2024,04/14/2024,AMZN Mktp US*VB44C3E13,Shopping,Sale,-95.60
04/12/2024,04/14/2024,MAXI DESPENSA BARBERENA,Groceries,Sale,-3.59
04/12/2024,04/14/2024,CENTRO COM PRADERA CONCEP,Miscellaneous,Sale,-1.93
04/11/2024,04/12/2024,INTUIT *QBooks Online,Professional Services,Sale,-1.00
04/11/2024,04/12/2024,XOOM.COM,Bills & Utilities,Sale,-244.13
04/11/2024,04/12/2024,AMZN Mktp US*2F2JC6WM3,Shopping,Sale,-211.45
04/10/2024,04/11/2024,Amazon.com*FA0690RJ3,Shopping,Sale,-12.79
04/09/2024,04/10/2024,DRIBBLEUP.COSMARTBALL,Entertainment,Sale,-38.96
04/07/2024,04/08/2024,Amazon Prime*T233P3JS3,Bills & Utilities,Sale,-15.08
04/06/2024,04/08/2024,Tigo Guatemala,Bills & Utilities,Sale,-82.13
04/05/2024,04/07/2024,Tigo Guatemala,Bills & Utilities,Sale,-25.58
04/05/2024,04/07/2024,ANFORA BARBERENA,Food & Drink,Sale,-1.54
04/06/2024,04/07/2024,MOVES APP SUBSCRIPTION,Groceries,Sale,-20.00
04/03/2024,04/04/2024,SUPERMERCADOS LA TORRE BA,Groceries,Sale,-13.55
04/01/2024,04/02/2024,TNTWARE,Bills & Utilities,Sale,-30.00
04/01/2024,04/02/2024,HOT DOQUERIA EL CHINITO 2,Food & Drink,Sale,-15.54
03/30/2024,04/01/2024,FAYCO PRADERA,Health & Wellness,Sale,-6.31
03/30/2024,04/01/2024,CINES PRADERA CONCEPCION,Entertainment,Sale,-7.19
03/30/2024,04/01/2024,SOCCERMANIA (PRAD. C,Entertainment,Sale,-179.83
03/30/2024,04/01/2024,CENTRO COM PRADERA CONCEP,Miscellaneous,Sale,-1.93
03/30/2024,03/31/2024,PROTON AG,Professional Services,Sale,-8.99
03/29/2024,03/31/2024,MAXI DESPENSA BARBERENA,Groceries,Sale,-2.08
03/30/2024,03/31/2024,DEL GRIEGO,Food & Drink,Sale,-38.02
03/29/2024,03/31/2024,MCDONALDS BARBERENA,Food & Drink,Sale,-2.83
03/30/2024,03/31/2024,CIRCUITO ALBA (TAQUI,Entertainment,Sale,-20.55
03/29/2024,03/31/2024,APPLE.COM/BILL,Shopping,Sale,-2.99
03/28/2024,03/29/2024,MAXI DESPENSA BARBERENA,Groceries,Sale,-6.02
03/29/2024,03/29/2024,APPLE.COM/BILL,Shopping,Sale,-19.99
03/28/2024,03/28/2024,APPLE.COM/BILL,Shopping,Sale,-4.99
03/27/2024,03/28/2024,PANADERIA SAN MARTIN COND,Food & Drink,Sale,-17.82
03/27/2024,03/28/2024,PUERTA DEL SOL CONCEPCION,Groceries,Sale,-49.78
03/28/2024,03/28/2024,DROPBOX*F5NMJ2GTHMDY,Professional Services,Sale,-19.99
03/27/2024,03/28/2024,PLAZA MONTE SAGRADO,Shopping,Sale,-1.67
02/01/2024,03/26/2024,GUATEMALA DIGITAL       3,Shopping,Adjustment,0.69
03/24/2024,03/26/2024,CAFE BARISTA CB143 BARBER,Food & Drink,Sale,-13.35
03/23/2024,03/24/2024,GASOLINERA EL CERINAL,Gas,Sale,-57.22
03/22/2024,03/24/2024,TAG         9117030260637,Travel,Sale,-194.50
03/22/2024,03/24/2024,TAG         9117030260636,Travel,Sale,-194.50
03/23/2024,03/24/2024,PLAZA NORTE SB1,Shopping,Sale,-1.67
03/22/2024,03/24/2024,SUPERMERCADOS LA TORRE BA,Groceries,Sale,-4.80
03/23/2024,03/24/2024,PLAZA MONTE SAGRADO,Shopping,Sale,-1.67
03/22/2024,03/24/2024,TAG         9117030260638,Travel,Sale,-194.50
03/21/2024,03/21/2024,Payment Thank You - Web,,Payment,2947.48
03/18/2024,03/20/2024,I.C.C.                  3,Personal,Sale,-138.50
03/18/2024,03/19/2024,SUPERMERCADOS LA TORRE BA,Groceries,Sale,-12.43
03/18/2024,03/19/2024,MAXI DESPENSA BARBERENA,Groceries,Sale,-14.58
03/16/2024,03/17/2024,SUPERMERCADOS LA TORRE BA,Groceries,Sale,-15.38
03/15/2024,03/17/2024,Tigo Guatemala,Bills & Utilities,Sale,-50.03
03/16/2024,03/17/2024,EST SHELL LA NUEVA CHINCH,Gas,Sale,-33.59
03/15/2024,03/17/2024,CAFE BARISTA CB143 BARBER,Food & Drink,Sale,-20.01
03/16/2024,03/17/2024,SUPERMERCADOS LA TORRE BA,Groceries,Sale,-18.51
03/14/2024,03/15/2024,SUPERMERCADOS LA TORRE BA,Groceries,Sale,-4.43
03/12/2024,03/13/2024,SUPERMERCADOS LA TORRE BA,Groceries,Sale,-33.87
03/11/2024,03/12/2024,INTUIT *QBooks Online,Shopping,Sale,-1.00
03/07/2024,03/10/2024,UNITED      0162370719131,Travel,Sale,-713.10
03/08/2024,03/10/2024,PANADERIA SAN MARTIN 13 C,Food & Drink,Sale,-14.62
03/08/2024,03/10/2024,SAN MARTIN ZONA 10,Food & Drink,Sale,-31.73
03/07/2024,03/10/2024,UNITED      0162370719133,Travel,Sale,-713.10
03/07/2024,03/08/2024,A29 EVENTS,Travel,Sale,-520.37
03/06/2024,03/08/2024,Tigo Guatemala,Bills & Utilities,Sale,-25.51
03/05/2024,03/07/2024,PRICESMART FRAIJANES,Shopping,Sale,-343.41
03/06/2024,03/07/2024,SUPERMERCADOS LA TORRE BA,Groceries,Sale,-3.46
03/06/2024,03/07/2024,MOVES APP SUBSCRIPTION,Health & Wellness,Sale,-20.00
03/06/2024,03/07/2024,SP UBERSOCCERUSA,Shopping,Sale,-113.95
03/05/2024,03/06/2024,CAFE BARISTA CB143 BARBER,Food & Drink,Sale,-19.23
02/01/2024,03/06/2024,GUATEMALA DIGITAL       3,Shopping,Return,266.96
03/04/2024,03/06/2024,Tigo Guatemala,Bills & Utilities,Sale,-81.84
03/04/2024,03/05/2024,SUPERMERCADOS LA TORRE BA,Groceries,Sale,-35.94
03/01/2024,03/03/2024,APPLE.COM/BILL,Shopping,Sale,-0.99
03/02/2024,03/03/2024,APPLE.COM/BILL,Shopping,Return,0.99
03/01/2024,03/03/2024,APPLE.COM/BILL,Shopping,Sale,-2.99
03/01/2024,03/03/2024,SUPERMERCADOS LA TORRE BA,Groceries,Sale,-61.01
03/02/2024,03/03/2024,TRE FRATELLI CONCEPC,Food & Drink,Sale,-9.75
03/01/2024,03/03/2024,TNTWARE,Professional Services,Sale,-30.00
02/29/2024,03/01/2024,PROTON AG,Professional Services,Sale,-8.99
02/29/2024,03/01/2024,MAXI DESPENSA BARBERENA,Groceries,Sale,-3.00
02/29/2024,02/29/2024,Payment Thank You - Web,,Payment,784.66
02/28/2024,02/29/2024,MAZA BOULANGERIE Y PATISS,Groceries,Sale,-2.18
02/28/2024,02/29/2024,MAZA BOULANGERIE Y PATISS,Groceries,Sale,-5.00
02/28/2024,02/29/2024,PUERTA DEL SOL MARKET,Groceries,Sale,-26.17
02/27/2024,02/29/2024,MCDONALD S BARBERENA FS,Food & Drink,Sale,-9.11
02/28/2024,02/29/2024,ESTACION BARBERENA,Gas,Sale,-25.66
02/26/2024,02/28/2024,POLLO CAMPERO 686 PL BARB,Food & Drink,Sale,-18.09
02/28/2024,02/28/2024,DROPBOX*3QY423GG7GGT,Bills & Utilities,Sale,-19.99
02/26/2024,02/27/2024,PANADER A SN MART N PLZ M,Food & Drink,Sale,-4.93
02/25/2024,02/27/2024,GASOLINERA EL PASO 3,Gas,Sale,-8.98
02/26/2024,02/27/2024,PAYPAL *IMF IMY2874,Shopping,Return,29.99
02/25/2024,02/26/2024,SUPERMERCADOS LA TORRE BA,Groceries,Sale,-8.10
02/25/2024,02/26/2024,Amazon.com*RW0LO9712,Shopping,Sale,-23.96
02/24/2024,02/26/2024,H.SARITA KIOSCO BARBERENA,Food & Drink,Sale,-8.07
02/22/2024,02/23/2024,MAXI DESPENSA BARBERENA,Groceries,Sale,-4.77
02/20/2024,02/22/2024,COPA AIR    2307025580755,Travel,Sale,-214.72
02/21/2024,02/22/2024,PAYPAL *IMF IMY2874,Shopping,Sale,-29.99
02/21/2024,02/22/2024,PAYPAL *IMF IMY2874,Shopping,Sale,-5.99
02/20/2024,02/21/2024,MAXI DESPENSA BARBERENA,Groceries,Sale,-9.42
02/20/2024,02/21/2024,AMZN Mktp US*RW5B666U0,Shopping,Sale,-190.56
02/19/2024,02/21/2024,NOVEX CARRETERA AL SALVAD,Home,Sale,-5.78
02/19/2024,02/21/2024,NOVEX CARRETERA AL SALVAD,Home,Sale,-271.40
02/20/2024,02/20/2024,Payment Thank You - Web,,Payment,7858.11
02/19/2024,02/20/2024,GASOLINERA DEL PACIFICO I,Gas,Sale,-2.50
02/18/2024,02/20/2024,POLLO CAMPERO 686 PL BARB,Food & Drink,Sale,-17.44
02/19/2024,02/20/2024,MCDONALDS BARBERENA,Food & Drink,Sale,-16.69
02/18/2024,02/20/2024,POLLO CAMPERO 686 PL BARB,Food & Drink,Sale,-5.26
02/17/2024,02/19/2024,OAKLAND MALL PARQUEO,Travel,Sale,-1.92
02/18/2024,02/19/2024,CANCHAS DEPORTIVAS D VOLE,Food & Drink,Sale,-2.56
02/17/2024,02/19/2024,REST HACIENDA REAL,Food & Drink,Sale,-71.39
02/17/2024,02/19/2024,LA TORRE OAKLAND MALL -VN,Groceries,Sale,-9.06
02/17/2024,02/19/2024,KIDS OAKLAND,Shopping,Sale,-63.99
02/17/2024,02/18/2024,SOCCERMANIA OAKLAND,Shopping,Sale,-45.52
02/17/2024,02/18/2024,SUPERMERCADOS LA TORRE BA,Groceries,Sale,-18.00
02/15/2024,02/18/2024,FARM CRUZ VERDE BARBERENA,Health & Wellness,Sale,-7.66
02/14/2024,02/16/2024,WENDYS SAN JOSE PINULA CO,Food & Drink,Sale,-6.67
02/14/2024,02/15/2024,ESTACION DE  SERVICIO CAS,Gas,Sale,-61.78
02/13/2024,02/14/2024,MAXI DESPENSA BARBERENA,Groceries,Sale,-24.29
02/12/2024,02/13/2024,SERMESA CARRETERA A EL SA,Health & Wellness,Sale,-4633.85
02/12/2024,02/13/2024,SERMESA CARRETERA A EL SA,Health & Wellness,Sale,-962.15
02/11/2024,02/12/2024,MAXI DESPENSA BARBERENA,Groceries,Sale,-1.92
02/09/2024,02/11/2024,STARBUCKS FRAIJANES,Food & Drink,Sale,-7.18
02/08/2024,02/11/2024,H.SARITA KIOSCO BARBERENA,Food & Drink,Sale,-11.92
02/08/2024,02/09/2024,IGLESIA CASA DE LIBERTAD,Gifts & Donations,Sale,-161.01
02/08/2024,02/09/2024,MAXI DESPENSA BARBERENA,Groceries,Sale,-1.11
02/05/2024,02/07/2024,SERMESA CARRETERA A EL SA,Health & Wellness,Sale,-1204.67
02/06/2024,02/07/2024,MCDONALDS BARBERENA,Food & Drink,Sale,-10.00
02/05/2024,02/07/2024,Tigo Guatemala,Bills & Utilities,Sale,-31.27
02/06/2024,02/07/2024,MOVES APP SUBSCRIPTION,Groceries,Sale,-20.00
02/05/2024,02/07/2024,93 MEGAPACA DECO CITY,Shopping,Sale,-7.04
02/04/2024,02/06/2024,DOLLARCITY MINUTO CARRETE,Home,Sale,-20.50
02/04/2024,02/05/2024,PROCASA PLAZA NOVITA,Shopping,Sale,-26.27
02/02/2024,02/04/2024,WENDYS SAN JOSE PINULA CO,Food & Drink,Sale,-5.90
02/01/2024,02/04/2024,GUATEMALA DIGITAL       3,Shopping,Sale,-267.65
02/01/2024,02/02/2024,TNTWARE,Shopping,Sale,-30.00
01/31/2024,02/01/2024,SUPERMERCADOS LA TORRE BA,Groceries,Sale,-40.62
01/30/2024,01/31/2024,PROTON AG,Professional Services,Sale,-8.99
01/29/2024,01/30/2024,CANCHAS DEPORTIVAS D VOLE,Food & Drink,Sale,-8.96
01/29/2024,01/30/2024,MAXI DESPENSA BARBERENA,Groceries,Sale,-5.09
01/28/2024,01/29/2024,SUPERMERCADOS LA TORRE BA,Groceries,Sale,-2.88
01/27/2024,01/29/2024,DOLLARCITY PLZ BARBERENA,Home,Sale,-13.32
01/27/2024,01/29/2024,KIELSA BARBERENA H41,Health & Wellness,Sale,-12.94
01/27/2024,01/29/2024,ANFORA BARBERENA,Food & Drink,Sale,-1.54
01/28/2024,01/29/2024,MAXI DESPENSA BARBERENA,Groceries,Sale,-4.68
01/27/2024,01/28/2024,CANCHAS DEPORTIVAS D VOLE,Food & Drink,Sale,-23.05
01/26/2024,01/28/2024,ANFORA BARBERENA,Food & Drink,Sale,-0.77
01/27/2024,01/28/2024,Payment Thank You-Mobile,,Payment,2781.89
01/28/2024,01/28/2024,DROPBOX*9HNNV3P1NVRJ,Bills & Utilities,Sale,-19.99
01/24/2024,01/26/2024,CEMACO KILOMETRO 21 W,Home,Sale,-0.83
01/24/2024,01/25/2024,ESTACION DE  SERVICIO CAS,Gas,Sale,-46.20
01/24/2024,01/25/2024,DNH*GODADDY.COM,Bills & Utilities,Sale,-21.99
01/24/2024,01/25/2024,CANCHAS DEPORTIVAS D VOLE,Food & Drink,Sale,-4.48
01/24/2024,01/25/2024,PANADER A SN MART N PLZ M,Food & Drink,Sale,-2.88
01/24/2024,01/25/2024,SUPERMERCADOS LA TORRE BA,Groceries,Sale,-54.17
01/23/2024,01/24/2024,CANCHAS DEPORTIVAS D VOLE,Food & Drink,Sale,-8.96
01/23/2024,01/24/2024,MAXI DESPENSA BARBERENA,Groceries,Sale,-6.85
01/23/2024,01/24/2024,IGLESIA CASA DE LIBERTAD,Gifts & Donations,Sale,-699.15
01/22/2024,01/23/2024,CANCHAS DEPORTIVAS D VOLE,Food & Drink,Sale,-6.40
01/21/2024,01/23/2024,CENTRO COM PRADERA CONCEP,Travel,Sale,-1.92
01/21/2024,01/23/2024,OAKLAND MALL PARQUEO,Travel,Sale,-1.92
01/21/2024,01/23/2024,DOLLARCITY MINUTO CARRETE,Home,Sale,-20.48
01/22/2024,01/23/2024,SUPERMERCADOS LA TORRE BA,Groceries,Sale,-2.19
01/21/2024,01/23/2024,SOCCERMANIA OAKLAND,Shopping,Sale,-130.55
01/21/2024,01/23/2024,TIENDA ADIDAS,Shopping,Sale,-60.80
01/21/2024,01/23/2024,KFC OAKLAND MALL,Food & Drink,Sale,-6.27
01/22/2024,01/23/2024,SUPERMERCADOS LA TORRE BA,Groceries,Sale,-73.64
01/21/2024,01/22/2024,FARMACIA BATRES BARBERENA,Health & Wellness,Sale,-5.66
01/21/2024,01/22/2024,POLLO CAMPERO 686 PL BARB,Food & Drink,Sale,-24.83
01/21/2024,01/22/2024,SOCCERMANIA (PRAD. C,Shopping,Sale,-2.56
01/21/2024,01/22/2024,MAXI DESPENSA BARBERENA,Groceries,Sale,-11.72
01/17/2024,01/19/2024,REST HACIENDA REAL CONDAD,Food & Drink,Sale,-82.00
01/17/2024,01/18/2024,CORPORACION KYL,Shopping,Sale,-111.85
01/16/2024,01/18/2024,CAFE BARISTA CB143 BARBER,Food & Drink,Sale,-8.45
01/16/2024,01/17/2024,CANCHAS DEPORTIVAS D VOLE,Food & Drink,Sale,-1.28
01/16/2024,01/17/2024,CANCHAS DEPORTIVAS D VOLE,Food & Drink,Sale,-3.84
01/14/2024,01/16/2024,CAFE BARISTA CB143 BARBER,Food & Drink,Sale,-8.96
01/14/2024,01/16/2024,DOLLARCITY PLZ BARBERENA,Home,Sale,-4.10
01/14/2024,01/15/2024,FARMACIA BATRES BARBERENA,Health & Wellness,Sale,-4.86
01/14/2024,01/15/2024,CANCHAS DEPORTIVAS D VOLE,Food & Drink,Sale,-3.84
01/14/2024,01/15/2024,CANCHAS DEPORTIVAS D VOLE,Food & Drink,Sale,-3.84
01/13/2024,01/15/2024,KIELSA FARMACEUTICA GTM 2,Health & Wellness,Sale,-3.99
01/12/2024,01/14/2024,CANCHAS DEPORTIVAS D VOLE,Food & Drink,Sale,-1.92
01/11/2024,01/14/2024,PETROFIM,Gas,Sale,-66.64
01/12/2024,01/14/2024,MAXI DESPENSA BARBERENA,Groceries,Sale,-3.03
01/12/2024,01/14/2024,DOMINOS BARBERENA,Food & Drink,Sale,-17.04
01/11/2024,01/14/2024,TIENDA DE CONV. PUMA KM 1,Groceries,Sale,-2.43
01/11/2024,01/12/2024,CANCHAS DEPORTIVAS D VOLE,Food & Drink,Sale,-3.84
01/11/2024,01/12/2024,CANCHAS DEPORTIVAS D VOLE,Food & Drink,Sale,-5.12
01/10/2024,01/11/2024,MCDONALDS BARBERENA,Food & Drink,Sale,-23.03
01/10/2024,01/11/2024,MCDONALDS BARBERENA,Food & Drink,Sale,-9.21
01/09/2024,01/10/2024,MAXI DESPENSA BARBERENA,Groceries,Sale,-10.82
01/06/2024,01/08/2024,Tigo Guatemala,Bills & Utilities,Sale,-25.46
01/06/2024,01/08/2024,KFC PROCERES,Food & Drink,Sale,-1.15
01/06/2024,01/08/2024,KFC PROCERES,Food & Drink,Sale,-4.61
01/06/2024,01/07/2024,PARQUEO LA AURORA EPR1,Travel,Sale,-2.56
01/05/2024,01/07/2024,MAXI DESPENSA BARBERENA,Groceries,Sale,-1.47
01/06/2024,01/07/2024,PLAZA MONTE SAGRADO,Shopping,Sale,-1.66
01/06/2024,01/07/2024,KFC PROCERES,Food & Drink,Sale,-18.43
01/05/2024,01/07/2024,ESTACION DE SERVICIO LA V,Gas,Sale,-7.68
01/06/2024,01/07/2024,RESTAURANTE SAN BERNARDIN,Food & Drink,Sale,-1.92
01/06/2024,01/07/2024,PROCASA PLAZA NOVITA,Shopping,Sale,-49.90
01/05/2024,01/07/2024,ORTOPEDIA GARAL,Health & Wellness,Sale,-8.96
01/05/2024,01/07/2024,IGLESIA CASA DE LIBERTAD,Gifts & Donations,Sale,-160.72
01/06/2024,01/07/2024,PLAZA NORTE SB1,Shopping,Sale,-1.66
01/05/2024,01/07/2024,TETTSA,Home,Sale,-29.05
01/04/2024,01/07/2024,DOLLARCITY PLZ BARBERENA,Home,Sale,-9.72
01/06/2024,01/07/2024,MOVES APP SUBSCRIPTION,Groceries,Sale,-20.00
01/04/2024,01/07/2024,Tigo Guatemala,Bills & Utilities,Sale,-49.90
01/04/2024,01/05/2024,MAXI DESPENSA BARBERENA,Groceries,Sale,-18.92
01/04/2024,01/05/2024,JORGE YOBANY BARRERA SANT,Shopping,Sale,-9.60
01/04/2024,01/05/2024,ENRED,Bills & Utilities,Sale,-8.32
01/03/2024,01/04/2024,SUPERMERCADOS LA TORRE BA,Groceries,Sale,-20.06
01/03/2024,01/04/2024,TST* CHICK-FIL-A - IAH,Food & Drink,Sale,-37.95
01/03/2024,01/04/2024,LITTLE CAESARS BARBERENA,Food & Drink,Sale,-7.55
01/02/2024,01/03/2024,TNTWARE,Shopping,Sale,-30.00
01/02/2024,01/03/2024,PARQUEO LA AURORA EPR8,Travel,Sale,-2.56
12/31/2023,01/02/2024,UNITED      0164264891812,Travel,Sale,-45.00
12/31/2023,01/02/2024,UNITED      0164264891811,Travel,Sale,-35.00
12/31/2023,01/02/2024,UNITED      0164264891810,Travel,Sale,-35.00
01/01/2024,01/01/2024,ANNUAL MEMBERSHIP FEE,Fees & Adjustments,Fee,-95.00